A,N,Residual,Filename
39.99519943143467,33.67447829923822,94.28960744840461,192.168.4.2_kalman.csv
43.11055990323347,25.622176572805454,93.16071685568096,192.168.4.3_kalman.csv
43.079569338865205,30.563529795992693,95.7186499701982,192.168.4.4_kalman.csv
39.359721428882565,32.787607727034526,95.21323133600822,192.168.4.6_kalman.csv
39.89234144223502,28.66400451645811,92.13846736317777,192.168.4.8_kalman.csv
35.89947069898513,35.237683847235594,92.4168440708447,192.168.4.9_kalman.csv
